gid,village,nbrbati,lat,lon,comm_fkt
"1",Andranomangatsiaka,"68","-20.7355014119111","47.7479747094585",MAROHARATRA_AMPASIMPOTSY
"2",Ambohipeno,"50","-20.7272719694322","47.7254150769935",MAROHARATRA_AMPASIMPOTSY
"3",NA,"27","-20.7326165104075","47.7403821103767",MAROHARATRA_AMPASIMPOTSY
"4",Ambodivoasary,"77","-20.9156773680564","47.5827173750422",AMBOHIMANGA DU SUD_AMBODIVOASARY
"5",NA,"9","-20.9179978601651","47.554830156233",AMBOHIMANGA DU SUD_AMBODIVOASARY
"6",NA,"8","-20.9131584539766","47.5661148417272",AMBOHIMANGA DU SUD_AMBODIVOASARY
"7",NA,"14","-20.9214049202728","47.5633211807003",AMBOHIMANGA DU SUD_AMBODIVOASARY
"8",Antavolo,"29","-21.6250443997229","47.6729600699636",MAROTOKO_AMBOATROTROKA
"9",Amboatrotroka,"54","-21.6140497644594","47.6792861208994",MAROTOKO_AMBOATROTROKA
"10",Andasivy,"27","-21.6120923123782","47.6947189970755",MAROTOKO_AMBOATROTROKA
"11",Ambohitsara II,"13","-21.600474950617","47.6774827889888",MAROTOKO_AMBOATROTROKA
"12",NA,"40","-21.5612038191595","47.7444307123073",MAROTOKO_MANDIAFASINA
"13",Ambohimiera,"52","-21.5675437523787","47.7203243226001",MAROTOKO_MANDIAFASINA
"14",Androrangalava,"35","-21.5827168573403","47.7138520157259",MAROTOKO_MANDIAFASINA
"15",Anosibe,"81","-21.5455600842533","47.7468770208398",MAROTOKO_MANDIAFASINA
"16",NA,"15","-21.5463973830928","47.7703461072239",MAROTOKO_AMBODIARA SUD
"17",Ambodihara,"104","-21.5389198129834","47.7882511185683",MAROTOKO_AMBODIARA SUD
"18",Ambohimanarivo Ambodiara Sud,"54","-21.5350116236143","47.7877933830941",MAROTOKO_AMBODIARA SUD
"19",Andemaka,"26","-21.5262036636487","47.7898564526971",MAROTOKO_AMBODIARA SUD
"20",NA,"39","-21.5617824480552","47.7932573696252",MAROTOKO_MANAMPANDRANA
"21",Manampandrana,"58","-21.5544849888597","47.7840435449552",MAROTOKO_MANAMPANDRANA
"22",NA,"70","-21.5728821965043","47.7825099231096",MAROTOKO_MANAMPANDRANA
"23",NA,"21","-21.5825490914347","47.77353918471",MAROTOKO_MANAMPANDRANA
"24",Ambalapaiso,"92","-20.6512619161035","47.6589113305445",FASINTSARA_AMBALAPAISO
"25",NA,"8","-20.6531943549622","47.6820257496496",FASINTSARA_AMBALAPAISO
"26",Ambodinonoka,"63","-20.661304456127","47.672792653735",FASINTSARA_AMBALAPAISO
"27",NA,"8","-20.6644540138517","47.6885458595249",FASINTSARA_AMBALAPAISO
"28",Analavory,"115","-20.8650055484774","47.5146747834971",ANALAMPASINA_ANALAVORY
"29",NA,"34","-20.8600031550604","47.5247373833196",ANALAMPASINA_ANALAVORY
"30",Sarahanony,"16","-20.8630521062889","47.536118042883",ANALAMPASINA_ANALAVORY
"31",NA,"21","-20.8566624242583","47.5230503563244",ANALAMPASINA_ANALAVORY
"32",NA,"46","-21.4729948379861","47.723287453435",ANDRORANGAVOLA_ANDRORANGAVOLA
"33",Androrangavola,"326","-21.5035644854672","47.7176958472197",ANDRORANGAVOLA_ANDRORANGAVOLA
"34",NA,"37","-21.482556661539","47.7313831124975",ANDRORANGAVOLA_ANDRORANGAVOLA
"35",Analanakondro,"37","-21.4787364424054","47.754851106619",ANDRORANGAVOLA_ANDRORANGAVOLA
"36",NA,"12","-20.9357341412297","47.5881485698097",AMBOHIMANGA DU SUD_AMBATOFANOKONANA
"37",NA,"12","-20.9313697353311","47.6269471972239",AMBOHIMANGA DU SUD_AMBATOFANOKONANA
"38",Ambodihazo,"88","-20.9333359952706","47.627454794156",AMBOHIMANGA DU SUD_AMBATOFANOKONANA
"39",NA,"23","-20.938146800964","47.6259875681",AMBOHIMANGA DU SUD_AMBATOFANOKONANA
"44",Maromandia,"90","-20.9493715935277","47.6678070298426",AMBOHIMANGA DU SUD_AMBODIRAFIA
"45",NA,"30","-20.9072847876604","47.6412263348372",AMBOHIMANGA DU SUD_AMBODIRAFIA
"46",Ambodirafia,"99","-20.9267013852706","47.654822708943",AMBOHIMANGA DU SUD_AMBODIRAFIA
"47",NA,"24","-20.9259982263089","47.6358995869678",AMBOHIMANGA DU SUD_AMBODIRAFIA
"48",Volovandana Atsinanana,"60","-20.9860321308973","47.6700750049524",AMBOHIMANGA DU SUD_ANTANJONA
"49",NA,"52","-20.9828191217003","47.6632543327941",AMBOHIMANGA DU SUD_ANTANJONA
"50",Antanjona,"70","-20.9948913781318","47.6877773171726",AMBOHIMANGA DU SUD_ANTANJONA
"51",NA,"10","-20.9911744163459","47.6822605752766",AMBOHIMANGA DU SUD_ANTANJONA
"52",NA,"15","-20.9508744966058","47.6813933055147",AMBOHIMANGA DU SUD_FALIARIVO
"53",NA,"12","-20.9674330999497","47.6700311375536",AMBOHIMANGA DU SUD_FALIARIVO
"54",Faliarivo,"109","-20.9662614544592","47.686836261298",AMBOHIMANGA DU SUD_FALIARIVO
"55",NA,"12","-20.9666826535302","47.692972669004",AMBOHIMANGA DU SUD_FALIARIVO
"56",Manakana,"63","-20.6954071036629","47.7369679109189",MAROHARATRA_MANAKANA
"57",NA,"39","-20.7044414000978","47.7359136318889",MAROHARATRA_MANAKANA
"58",NA,"29","-20.6922379654525","47.7386065454125",MAROHARATRA_MANAKANA
"59",NA,"13","-20.7019482553478","47.7355454433426",MAROHARATRA_MANAKANA
"60",Andemaka Nord,"117","-21.0327095561623","47.5424600470651",AMBOHIMIERA_ANDEMAKA NORD
"61",NA,"38","-21.0335197880578","47.5431459018493",AMBOHIMIERA_ANDEMAKA NORD
"62",Vohimarina,"36","-21.041346768119","47.5545904477221",AMBOHIMIERA_ANDEMAKA NORD
"63",Ambohitsara,"35","-21.0495752254494","47.5292420310716",AMBOHIMIERA_ANDEMAKA NORD
"64",NA,"64","-21.1094969323103","47.5847282903607",AMBOHIMIERA_MANARINONY
"65",Soanerano,"39","-21.0887619244777","47.5814595892969",AMBOHIMIERA_MANARINONY
"66",Manarinony,"99","-21.0958603869715","47.5889112585553",AMBOHIMIERA_MANARINONY
"67",Kianjanaomby,"81","-21.1000166356098","47.5998912979397",AMBOHIMIERA_MANARINONY
"68",Ambohinihaonana,"28","-20.9928438618743","47.5304618762881",AMBOHIMIERA_ANTARAMBAKANA
"69",NA,"23","-20.9890545925197","47.536513969583",AMBOHIMIERA_ANTARAMBAKANA
"70",NA,"26","-20.9778752994745","47.5224309013447",AMBOHIMIERA_ANTARAMBAKANA
"71",NA,"48","-20.966542109488","47.5315172923418",AMBOHIMIERA_ANTARAMBAKANA
"72",Sahalalona (Tobilava),"75","-21.0169565096255","47.5858846357849",AMBOHIMIERA_SAHALALONA
"73",Nosihandry,"21","-21.0126891425355","47.5837393536347",AMBOHIMIERA_SAHALALONA
"74",NA,"13","-21.0301286735176","47.5797517548644",AMBOHIMIERA_SAHALALONA
"75",Marolambo,"30","-21.0377658133283","47.6029609495025",AMBOHIMIERA_SAHALALONA
"76",Morafeno,"35","-21.043156415641","47.602830617516",AMBOHIMIERA_ANDRORANGAVOLA
"77",Sarandahina,"79","-21.0509792128348","47.5747772768203",AMBOHIMIERA_ANDRORANGAVOLA
"78",Androrangavola,"55","-21.0601994486338","47.5909798949889",AMBOHIMIERA_ANDRORANGAVOLA
"79",Amboasary Androrangavola,"37","-21.054339065735","47.5829602640096",AMBOHIMIERA_ANDRORANGAVOLA
"80",Vohimena,"85","-21.1031304285545","47.6142249563756",AMBOHIMIERA_VOHIMENA
"81",NA,"26","-21.1251577083729","47.6009310855888",AMBOHIMIERA_VOHIMENA
"82",Soanierana Vohimena,"63","-21.1225900252038","47.6105807946745",AMBOHIMIERA_VOHIMENA
"83",Fiadanana,"31","-21.1055500452537","47.617087892159",AMBOHIMIERA_VOHIMENA
"88",Mahatsara,"30","-21.6256456613948","47.7443389974122",MAROTOKO_KIANJANOMBY
"89",Kianjanomby,"18","-21.6110256481536","47.739320771725",MAROTOKO_KIANJANOMBY
"90",Ambohitsara,"26","-21.601493689094","47.7300907653206",MAROTOKO_KIANJANOMBY
"91",NA,"32","-21.610531813214","47.7333139657692",MAROTOKO_KIANJANOMBY
"92",NA,"34","-20.7380245476114","47.8013159289694",MAROHARATRA_SOANIERANA
"93",NA,"13","-20.7516010938909","47.806592349276",MAROHARATRA_SOANIERANA
"94",Ambohimalaza,"53","-20.7472309018821","47.7815363563777",MAROHARATRA_SOANIERANA
"95",Soanierana,"73","-20.7416703718311","47.7769424469098",MAROHARATRA_SOANIERANA
"96",NA,"8","-20.7752270725693","47.6456223349758",FASINTSARA_SAHAKONDRO
"97",Sahakondro,"42","-20.7840234260087","47.646568526904",FASINTSARA_SAHAKONDRO
"98",NA,"10","-20.7773706798784","47.6433859776888",FASINTSARA_SAHAKONDRO
"99",Antsira,"14","-20.7742601259894","47.6490519178061",FASINTSARA_SAHAKONDRO
"100",NA,"5","-20.8087750837353","47.6708553778328",FASINTSARA_MANAKANA SUD
"101",Manakana Sud,"184","-20.8048667106277","47.6752871682218",FASINTSARA_MANAKANA SUD
"102",NA,"6","-20.8059347600225","47.6713953162524",FASINTSARA_MANAKANA SUD
"103",NA,"5","-20.7995798082631","47.6840775672292",FASINTSARA_MANAKANA SUD
"104",Tanandava,"38","-20.763072796197","47.686606324317",FASINTSARA_AMBODIARA SUD
"105",NA,"189","-20.782153051777","47.6888178923486",FASINTSARA_AMBODIARA SUD
"106",NA,"9","-20.7805217192472","47.6871532465549",FASINTSARA_AMBODIARA SUD
"107",Ambodiara Sud,"10","-20.768638388155","47.677135793389",FASINTSARA_AMBODIARA SUD
"108",Ampasinambo,"248","-20.610224288775","47.6844770670144",AMPASINAMBO_AMPASINAMBO
"109",NA,"5","-20.5732237698648","47.6846256144354",AMPASINAMBO_AMPASINAMBO
"110",NA,"6","-20.6223609301115","47.6910787145162",AMPASINAMBO_AMPASINAMBO
"111",NA,"6","-20.6025838583599","47.6893955004823",AMPASINAMBO_AMPASINAMBO
"112",Ambodivoahangy,"126","-20.664219272239","47.6260686452279",FASINTSARA_AMBODIVOANGY
"113",NA,"14","-20.6571874045023","47.6182909969713",FASINTSARA_AMBODIVOANGY
"114",NA,"10","-20.6560606858723","47.6184566501793",FASINTSARA_AMBODIVOANGY
"115",NA,"31","-20.6466164633315","47.6146910423334",FASINTSARA_AMBODIVOANGY
"116",Ambinanisery,"171","-20.6563833077285","47.728389706218",FASINTSARA_AMBINANISERY
"117",NA,"7","-20.664283844242","47.7303202375344",FASINTSARA_AMBINANISERY
"118",NA,"8","-20.6547487174454","47.7196004483116",FASINTSARA_AMBINANISERY
"119",NA,"7","-20.6610208034871","47.7263899924318",FASINTSARA_AMBINANISERY
"120",NA,"57","-21.1581446577765","47.7551002710804",TSARATANANA_AMBODIRAFIA EST
"121",Ambohimahavelona Ambodirafia Est,"44","-21.1285358417672","47.748622142475",TSARATANANA_AMBODIRAFIA EST
"122",Tsarahonenana Ambodirafia Est,"57","-21.1369290505012","47.7324028441351",TSARATANANA_AMBODIRAFIA EST
"123",Ambodirafia Est,"106","-21.1300080165847","47.7224801425136",TSARATANANA_AMBODIRAFIA EST
"124",NA,"96","-20.7537165921527","47.7831118095042",MAROHARATRA_MALEMIAMBO
"125",NA,"10","-20.7606184331654","47.7583271469708",MAROHARATRA_MALEMIAMBO
"126",Malemiambo II,"66","-20.7616787621806","47.7931244778336",MAROHARATRA_MALEMIAMBO
"127",NA,"13","-20.7678617204562","47.7888724326478",MAROHARATRA_MALEMIAMBO
"136",Ambodifontsy,"53","-21.4246506502116","47.7138946355773",ANDRORANGAVOLA_AMBODIFONTSINA
"137",NA,"36","-21.3922000133461","47.7148418287118",ANDRORANGAVOLA_AMBODIFONTSINA
"138",Ambodihara,"59","-21.4098273392844","47.7269321675747",ANDRORANGAVOLA_AMBODIFONTSINA
"139",Ambalatamborona,"21","-21.4180949693919","47.6904667497942",ANDRORANGAVOLA_AMBODIFONTSINA
"140",Ambalatenina,"93","-21.4446831862518","47.6512419163143",AMBIABE_AMBALATENINA
"141",NA,"61","-21.4347383790651","47.6760331523177",AMBIABE_AMBALATENINA
"142",Morafeno,"28","-21.4504017544545","47.6580261466736",AMBIABE_AMBALATENINA
"143",NA,"51","-21.4462301391603","47.6662993937947",AMBIABE_AMBALATENINA
"144",NA,"8","-21.4947000175837","47.6234980565383",AMBIABE_AMBALAFASINA
"145",NA,"7","-21.4857573026587","47.6056953071483",AMBIABE_AMBALAFASINA
"146",Ambalafasina I,"22","-21.4884244057042","47.6266676968151",AMBIABE_AMBALAFASINA
"147",Ambodiramiavona Ambalafasina,"23","-21.4732936805758","47.6086188925992",AMBIABE_AMBALAFASINA
"148",NA,"83","-21.5179720982229","47.7855323993773",ANDRORANGAVOLA_MAHASOA
"149",Mahasoa,"82","-21.5029837203915","47.7864090471223",ANDRORANGAVOLA_MAHASOA
"150",NA,"28","-21.4781334297898","47.7897419673897",ANDRORANGAVOLA_MAHASOA
"151",NA,"27","-21.4690963340094","47.7670709717578",ANDRORANGAVOLA_MAHASOA
"152",NA,"12","-21.5370160794376","47.6815765720896",ANDRORANGAVOLA_AMBODIRORANGA
"153",NA,"26","-21.5403650471445","47.6782406935694",ANDRORANGAVOLA_AMBODIRORANGA
"154",Ambodiroranga,"105","-21.5314653873043","47.687120845232",ANDRORANGAVOLA_AMBODIRORANGA
"155",Manakana,"18","-21.5195272605443","47.6892203196995",ANDRORANGAVOLA_AMBODIRORANGA
"156",Ambatolahiambo,"63","-21.3099101832933","47.647208685916",IFANADIANA_ANTAFOTENINA
"157",NA,"24","-21.3144234720956","47.6476485203853",IFANADIANA_ANTAFOTENINA
"158",NA,"58","-21.3268640173853","47.6505700158352",IFANADIANA_ANTAFOTENINA
"159",Ambodiroranga Antafotenina,"52","-21.3277051563583","47.6393282874934",IFANADIANA_ANTAFOTENINA
"160",NA,"13","-21.0641071335668","47.5256380607824",AMBOHIMIERA_TSINJORANO
"161",NA,"13","-21.0584087220117","47.5305146766695",AMBOHIMIERA_TSINJORANO
"162",Tsinjorano,"125","-21.0663158123113","47.5361156795516",AMBOHIMIERA_TSINJORANO
"163",Ambalaomby,"26","-21.0695611360249","47.5383627935548",AMBOHIMIERA_TSINJORANO
"164",Namahoaka,"87","-21.0890323956508","47.5458812830109",AMBOHIMIERA_SAHASOMANGANA
"165",Sahasomangana,"250","-21.0772287440241","47.5466173909582",AMBOHIMIERA_SAHASOMANGANA
"166",NA,"26","-21.0683406266482","47.5447064033117",AMBOHIMIERA_SAHASOMANGANA
"167",Sahamaitso,"27","-21.0823385359694","47.5639019179408",AMBOHIMIERA_SAHASOMANGANA
"168",Marofotsy,"168","-21.0016161804303","47.4945625222592",AMBOHIMIERA_MAROFOTSY
"169",NA,"8","-21.0101679411041","47.5177506561323",AMBOHIMIERA_MAROFOTSY
"170",Ranomena,"54","-21.0180499860672","47.5247471819258",AMBOHIMIERA_MAROFOTSY
"171",NA,"8","-21.0159235427383","47.5169595523078",AMBOHIMIERA_MAROFOTSY
"40",NA,"28","-20.6933853898446","47.7981775708977",MAROHARATRA_AMBINANINDRANO
"41",NA,"7","-20.7095045103715","47.8053725951732",MAROHARATRA_AMBINANINDRANO
"42",Ambinanindrano,"115","-20.6805250170269","47.8026537736924",MAROHARATRA_AMBINANINDRANO
"43",Ambalafoy,"82","-20.6994695849056","47.789592028068",MAROHARATRA_AMBINANINDRANO
"84",Sahofika,"54","-21.2264691099919","47.630863885179",TSARATANANA_SAHOFIKA
"85",Ambodivoasary,"41","-21.2057843194592","47.6357250798479",TSARATANANA_SAHOFIKA
"86",NA,"33","-21.2217640582507","47.6354054440299",TSARATANANA_SAHOFIKA
"87",Ambohimahatsinjo,"36","-21.219466637798","47.660213217939",TSARATANANA_SAHOFIKA
"128",Vohibavy II,"50","-21.1853285880462","47.6513651256855",TSARATANANA_AMBOHITSARA I
"129",Ambohitsara I,"74","-21.1877469777861","47.6640613834496",TSARATANANA_AMBOHITSARA I
"130",Vohipeno,"39","-21.1989661124777","47.6635742630287",TSARATANANA_AMBOHITSARA I
"131",Vohibavy I,"83","-21.1822781651201","47.6483609401357",TSARATANANA_AMBOHITSARA I
"172",NA,"58","-21.2078571234054","47.591893789963",TSARATANANA_ANDRORANGAVOLA VATOFOTSY
"173",NA,"50","-21.2062019365859","47.5923090905744",TSARATANANA_ANDRORANGAVOLA VATOFOTSY
"174",Ambodimanga Androrangavola,"43","-21.1938072828352","47.5729016248562",TSARATANANA_ANDRORANGAVOLA VATOFOTSY
"175",NA,"33","-21.1996411080663","47.5871880876485",TSARATANANA_ANDRORANGAVOLA VATOFOTSY
"176",NA,"27","-21.1546921772642","47.6343862114565",TSARATANANA_TSARATANANA
"177",Ambodiroranga,"48","-21.1598977623089","47.6382042278178",TSARATANANA_TSARATANANA
"178",Ambatomainty,"47","-21.169561191889","47.6379257461243",TSARATANANA_TSARATANANA
"179",Tsaratanana,"288","-21.1791100830689","47.6377690843641",TSARATANANA_TSARATANANA
"180",NA,"23","-21.1969729314849","47.6172319392635",TSARATANANA_AMBODIGOAVY
"181",NA,"27","-21.1839416821372","47.6031909527962",TSARATANANA_AMBODIGOAVY
"182",Ambodigoavy (Ambodirafia),"65","-21.1980577562314","47.6014527376339",TSARATANANA_AMBODIGOAVY
"183",Volotara,"17","-21.1921756948231","47.6130381559938",TSARATANANA_AMBODIGOAVY
"184",Maromandia II,"38","-21.1365294742449","47.606139339201",TSARATANANA_AMBODIMANGA OUEST
"185",NA,"27","-21.1559746161868","47.6132603452717",TSARATANANA_AMBODIMANGA OUEST
"186",Ambodimanga Ouest,"40","-21.1581302538489","47.6134833996559",TSARATANANA_AMBODIMANGA OUEST
"187",Maromandia I,"35","-21.1469088032441","47.6087771476125",TSARATANANA_AMBODIMANGA OUEST
"188",NA,"11","-21.1850783572818","47.6120302698355",TSARATANANA_VOHITRARIVO
"189",Vohitrarivo,"112","-21.1743884998163","47.6127784497912",TSARATANANA_VOHITRARIVO
"190",NA,"13","-21.1682561786871","47.6249949272444",TSARATANANA_VOHITRARIVO
"191",Tsarahonenana Vohitrarivo,"21","-21.1623034539304","47.6002411155581",TSARATANANA_VOHITRARIVO
"192",Ampitambe,"99","-21.2640134228406","47.5811449920844",KELILALINA_AMPITAMBE
"193",NA,"16","-21.2515016434363","47.5842900304828",KELILALINA_AMPITAMBE
"194",Ankazontsara,"63","-21.2686563692256","47.5751848680732",KELILALINA_MANDRIVANY
"195",Mandrivany,"132","-21.2492907075968","47.5611468830171",KELILALINA_MANDRIVANY
"196",NA,"26","-21.2499579892119","47.5704006676997",KELILALINA_MANDRIVANY
"197",Ankeba,"16","-21.2374002840993","47.557073244339",KELILALINA_MANDRIVANY
"198",Ambodipaiso Nord,"61","-21.2787798561778","47.5784338351213",KELILALINA_AMBODIPAISO NORD
"199",Analafasina,"23","-21.2898310202702","47.569509294159",KELILALINA_AMBODIPAISO NORD
"200",NA,"14","-21.2902285727147","47.5696700764858",KELILALINA_AMBODIPAISO NORD
"201",NA,"5","-21.2829837172003","47.5692670068297",KELILALINA_AMBODIPAISO NORD
"202",Ambodipaiso Atsimo,"92","-21.2988640967163","47.5708640629286",KELILALINA_AMBODIPAISO SUD
"203",Ambodivoaroihazo,"16","-21.3187676694173","47.5876473983469",KELILALINA_AMBODIPAISO SUD
"204",Andranomavo,"31","-21.3043376989879","47.5752467445187",KELILALINA_AMBODIPAISO SUD
"205",NA,"15","-21.3067799740281","47.5827361114607",KELILALINA_AMBODIPAISO SUD
"206",Kelilalina,"399","-21.2869684467876","47.5541574207997",KELILALINA_KELILALINA
"207",Manokakora,"101","-21.2871040557004","47.5442945465961",KELILALINA_KELILALINA
"208",NA,"38","-21.2833691318192","47.5640153833207",KELILALINA_KELILALINA
"209",Ambohimiarina Kelilalina,"44","-21.3174293997695","47.538386094909",KELILALINA_KELILALINA
"210",NA,"21","-21.3320129165347","47.5698609552435",KELILALINA_ANDRANOMAINTY
"211",NA,"55","-21.3259670345794","47.564138985315",KELILALINA_ANDRANOMAINTY
"212",Ambohimahavelona,"75","-21.3104112797156","47.5737677269842",KELILALINA_ANDRANOMAINTY
"213",NA,"40","-21.3218358996405","47.5797232624759",KELILALINA_ANDRANOMAINTY
"132",NA,"7","-21.338066812968","47.5312029294144",KELILALINA_ANOSY
"133",NA,"6","-21.3305668882769","47.5427300192711",KELILALINA_ANOSY
"134",Anosy,"57","-21.3257674125172","47.5437502099892",KELILALINA_ANOSY
"135",NA,"6","-21.3321954637612","47.5432388585726",KELILALINA_ANOSY
"214",NA,"40","-20.5802332625108","47.6293108590592",AMPASINAMBO_VOLOBE
"215",Betamba,"134","-20.6272539417634","47.6545765814534",AMPASINAMBO_VOLOBE
"216",Manakana Avaratra,"27","-20.6285028666527","47.6223098593602",AMPASINAMBO_VOLOBE
"217",NA,"7","-20.6189814531194","47.6127662923107",AMPASINAMBO_VOLOBE
"218",Tsaratanana,"44","-20.7097623466913","47.6548259030444",FASINTSARA_TSARATANANA
"219",NA,"19","-20.7078470425013","47.6531577421351",FASINTSARA_TSARATANANA
"220",NA,"55","-20.7062577257791","47.6525395383357",FASINTSARA_TSARATANANA
"221",NA,"26","-20.7073203302396","47.6414581445452",FASINTSARA_TSARATANANA
"222",Tsararivotra,"75","-20.7153693926188","47.6635365471692",FASINTSARA_TSARARIVOTRA
"223",NA,"14","-20.7203952372129","47.6657774742557",FASINTSARA_TSARARIVOTRA
"224",NA,"10","-20.7232251508843","47.6652296344706",FASINTSARA_TSARARIVOTRA
"225",NA,"5","-20.7221610287073","47.6602061771524",FASINTSARA_TSARARIVOTRA
"226",NA,"5","-20.7294275300127","47.6620683409355",FASINTSARA_BEFOTAKA
"227",NA,"5","-20.7317543456464","47.6455182884753",FASINTSARA_BEFOTAKA
"228",Befotaka,"70","-20.7237251990809","47.6478597527269",FASINTSARA_BEFOTAKA
"229",NA,"11","-20.7213625848789","47.6485605748729",FASINTSARA_BEFOTAKA
"230",Ankerana,"56","-20.7221158329817","47.7070652233055",FASINTSARA_AMBOHITSARA
"231",Ambohitsara,"88","-20.7158784189906","47.6948169922845",FASINTSARA_AMBOHITSARA
"232",Fasintsara,"16","-20.7145652098896","47.6936694064588",FASINTSARA_AMBOHITSARA
"233",NA,"11","-20.7131194319967","47.6943363634403",FASINTSARA_AMBOHITSARA
"234",Fasintsara,"161","-20.7164157064347","47.6925937738539",FASINTSARA_FASINTSARA
"235",NA,"7","-20.6832782910569","47.6821166220325",FASINTSARA_FASINTSARA
"236",NA,"8","-20.7290887966277","47.6662102014629",FASINTSARA_FASINTSARA
"237",NA,"9","-20.7253936130507","47.6895932949817",FASINTSARA_FASINTSARA
"238",NA,"110","-21.223237686829","47.5887682984687",KELILALINA_AMBOHINIHAONANA
"239",NA,"47","-21.2306665784299","47.5916545868759",KELILALINA_AMBOHINIHAONANA
"240",Tsarahonenana,"55","-21.2433624326754","47.6000926921045",KELILALINA_AMBOHINIHAONANA
"241",NA,"33","-21.2174172073995","47.6083607262664",KELILALINA_AMBOHINIHAONANA
"242",Kianjanomby,"167","-21.2391223562281","47.5745802373074",KELILALINA_KIANJANOMBY
"243",NA,"11","-21.2382215178292","47.5743104383487",KELILALINA_KIANJANOMBY
"244",NA,"7","-21.2274848063817","47.5711375734302",KELILALINA_KIANJANOMBY
"245",NA,"5","-21.2366683120092","47.5659476283311",KELILALINA_KIANJANOMBY
"258",NA,"31","-21.4180877109661","47.5402832271695",AMBIABE_AMBINANINDRANOTELO
"259",Ambodiramiavona Ambinanindranotelo,"49","-21.4744965418404","47.5860838163577",AMBIABE_AMBINANINDRANOTELO
"260",Ambinanindranotelo,"148","-21.4502039921192","47.5543942746353",AMBIABE_AMBINANINDRANOTELO
"261",Ambodimampay,"35","-21.4376726176543","47.587960996795",AMBIABE_AMBINANINDRANOTELO
"262",NA,"27","-21.3865942044931","47.5626057714838",AMBIABE_ANKABOKA
"263",Tsarahonenana,"24","-21.4095096331132","47.5697747833315",AMBIABE_ANKABOKA
"264",Andranoteza,"15","-21.3970056084269","47.5604931812341",AMBIABE_ANKABOKA
"265",Ambohimahatsinjo,"71","-21.4014329785692","47.581138521336",AMBIABE_ANKABOKA
"266",Mangalahenatra,"32","-21.3767435521299","47.5947500176504",AMBIABE_AMBIABE I
"267",Ambiabe I,"67","-21.3945638431038","47.5964916879771",AMBIABE_AMBIABE I
"268",NA,"37","-21.4181360163784","47.593014187758",AMBIABE_AMBIABE I
"269",Analobahiny,"48","-21.4108958782381","47.6165770202554",AMBIABE_AMBIABE I
"270",Anivorano,"42","-21.5359442967757","47.7552044504353",ANDRORANGAVOLA_ANIVORANO
"271",Antanantanana,"24","-21.5140846565402","47.7639378268997",ANDRORANGAVOLA_ANIVORANO
"272",NA,"22","-21.5037307359914","47.7590172548966",ANDRORANGAVOLA_ANIVORANO
"273",NA,"18","-21.5175194250181","47.7540538825492",ANDRORANGAVOLA_ANIVORANO
"274",Ambohimahavelona,"19","-21.5843566232377","47.6675762913092",ANDRORANGAVOLA_LAVAKIANJA SUD
"275",Ambohitsara I,"13","-21.5847059892152","47.676017455589",ANDRORANGAVOLA_LAVAKIANJA SUD
"276",Lavakianja Sud,"71","-21.5644975433968","47.6669937958141",ANDRORANGAVOLA_LAVAKIANJA SUD
"277",NA,"29","-21.5598229594204","47.6668713843384",ANDRORANGAVOLA_LAVAKIANJA SUD
"278",Ambodiakondro,"116","-21.4628260954113","47.7188548202953",ANDRORANGAVOLA_AMBODIARA NORD
"279",NA,"100","-21.438935549514","47.7156392824247",ANDRORANGAVOLA_AMBODIARA NORD
"280",NA,"15","-21.4385745431115","47.7505657324731",ANDRORANGAVOLA_AMBODIARA NORD
"281",NA,"7","-21.4302856442076","47.7369563314785",ANDRORANGAVOLA_AMBODIARA NORD
"282",NA,"16","-21.4063874109358","47.5346816752473",AMBIABE_SAHAVATANA
"283",Saonjorano,"14","-21.4165580699922","47.5294606614125",AMBIABE_SAHAVATANA
"284",Sahavatana,"32","-21.3939710670202","47.5465019992519",AMBIABE_SAHAVATANA
"285",NA,"14","-21.4161448860183","47.5431360270694",AMBIABE_SAHAVATANA
"290",NA,"65","-21.2179256589572","47.5511703824307",KELILALINA_AMBODIVOANGY
"291",NA,"40","-21.2160232323823","47.552136826682",KELILALINA_AMBODIVOANGY
"292",NA,"93","-21.2132500285478","47.5487334689508",KELILALINA_AMBODIVOANGY
"293",NA,"6","-21.2096356168228","47.5474923041122",KELILALINA_AMBODIVOANGY
"294",Ampasimpotsy Ampasimpotsy,"97","-21.476710890469","47.7050182909551",ANDRORANGAVOLA_AMPASIMPOTSY
"295",NA,"30","-21.4668599983139","47.6844456732335",ANDRORANGAVOLA_AMPASIMPOTSY
"296",Ambohimahavelona Atsimo,"25","-21.4409421449506","47.6979021122025",ANDRORANGAVOLA_AMPASIMPOTSY
"297",Ambohimahavelona Avaratra,"37","-21.4310424292603","47.6954125515829",ANDRORANGAVOLA_AMPASIMPOTSY
"298",NA,"27","-21.5449493891934","47.71743364806",ANDRORANGAVOLA_AMBALATABAKA
"299",Vatomena,"27","-21.5388767890977","47.7263286892204",ANDRORANGAVOLA_AMBALATABAKA
"300",Ambohinihaoanana Ambalatabaka,"41","-21.5407883318501","47.7158821754603",ANDRORANGAVOLA_AMBALATABAKA
"301",Ambalatahaka,"83","-21.5404232984112","47.7100754377159",ANDRORANGAVOLA_AMBALATABAKA
"302",Mahatsinjona,"45","-21.5737656737328","47.6917623680895",ANDRORANGAVOLA_AMBOHIMISAFY
"303",Ambohimiarina Ambohimisafy,"32","-21.5515537994046","47.6945062395106",ANDRORANGAVOLA_AMBOHIMISAFY
"304",NA,"24","-21.5538811556381","47.6830074674571",ANDRORANGAVOLA_AMBOHIMISAFY
"305",Ambohimisafy,"114","-21.5363970663581","47.6978530924472",ANDRORANGAVOLA_AMBOHIMISAFY
"306",Ambohinihaonana I,"39","-21.1250790215151","47.6774937490503",TSARATANANA_AMBOHINIHAONANA
"307",NA,"30","-21.1364414407936","47.6706341320686",TSARATANANA_AMBOHINIHAONANA
"308",Antenimbelona,"19","-21.1108538799216","47.6891680864886",TSARATANANA_AMBOHINIHAONANA
"309",NA,"17","-21.1494019279875","47.6784448508903",TSARATANANA_AMBOHINIHAONANA
"310",NA,"24","-21.1548897459964","47.7074015931607",TSARATANANA_AMBATOHARANANA
"311",Ambatoharanana,"121","-21.1743880627725","47.7300934635297",TSARATANANA_AMBATOHARANANA
"312",Antokazo,"68","-21.179700358308","47.7084299724219",TSARATANANA_AMBATOHARANANA
"313",Antaretra,"42","-21.1896563091702","47.736810575547",TSARATANANA_AMBATOHARANANA
"314",Sandrakely Bezaridaina,"20","-21.1264335719794","47.6427922071336",TSARATANANA_SANDRAKELY
"315",Sandrakely I,"34","-21.1318120947246","47.6424040761704",TSARATANANA_SANDRAKELY
"316",Kianjamarina,"43","-21.1375418055352","47.6401018984753",TSARATANANA_SANDRAKELY
"317",NA,"32","-21.117735240576","47.6451793737428",TSARATANANA_SANDRAKELY
"318",NA,"35","-21.2373655021681","47.658782679891",TSARATANANA_AMBODIMANGA EST
"319",Ambodimanga Est,"80","-21.2550532430151","47.6935450158229",TSARATANANA_AMBODIMANGA EST
"320",Maromandia Est,"50","-21.2260135559843","47.694966198018",TSARATANANA_AMBODIMANGA EST
"321",NA,"30","-21.2281793507285","47.6948675352968",TSARATANANA_AMBODIMANGA EST
"322",Andemaka,"45","-21.3029498614739","47.6791713738591",IFANADIANA_SAHAFITOROKA
"323",Sahafitoroka,"32","-21.2836869404355","47.6871367513921",IFANADIANA_SAHAFITOROKA
"324",Ambalahosy,"53","-21.2750004914974","47.6720034171911",IFANADIANA_SAHAFITOROKA
"325",NA,"45","-21.3176086804678","47.7223347473741",IFANADIANA_SAHAFITOROKA
"334",NA,"43","-21.2679303236436","47.6121498080433",IFANADIANA_MAROMENA
"335",Andohariana,"71","-21.2688955128742","47.5946756196941",IFANADIANA_MAROMENA
"336",Maromena,"47","-21.2717413397542","47.6316637757947",IFANADIANA_MAROMENA
"337",Tanambao,"40","-21.2489683653832","47.628739382155",IFANADIANA_MAROMENA
"338",Ambohitsara Ambalavaona,"48","-21.5282355919481","47.6534541034826",ANDRORANGAVOLA_AMBALAVAONA
"339",Andemaka,"27","-21.5178081012418","47.6577762795722",ANDRORANGAVOLA_AMBALAVAONA
"340",Ambalavao,"68","-21.5228995733944","47.6542985106459",ANDRORANGAVOLA_AMBALAVAONA
"341",NA,"16","-21.5216206384977","47.6620738352886",ANDRORANGAVOLA_AMBALAVAONA
"342",Andranosariaka,"18","-21.5431094055446","47.6145650972292",ANDRORANGAVOLA_AMBOHIMAHAVELONA BETOHO
"343",Betoho,"22","-21.5263573788134","47.6257904251477",ANDRORANGAVOLA_AMBOHIMAHAVELONA BETOHO
"344",NA,"15","-21.5179444009044","47.6153573215613",ANDRORANGAVOLA_AMBOHIMAHAVELONA BETOHO
"345",NA,"11","-21.5191097508831","47.6243887312766",ANDRORANGAVOLA_AMBOHIMAHAVELONA BETOHO
"346",Tsarahonenana,"12","-21.4945827965664","47.6611879030966",ANDRORANGAVOLA_NOSIBE SUD
"347",NA,"54","-21.4880927416819","47.6586604975614",ANDRORANGAVOLA_NOSIBE SUD
"348",NA,"26","-21.4767303923702","47.6680201416761",ANDRORANGAVOLA_NOSIBE SUD
"349",NA,"22","-21.4848021158338","47.670258719998",ANDRORANGAVOLA_NOSIBE SUD
"350",NA,"8","-21.4980040600185","47.6490206764967",ANDRORANGAVOLA_MANDRIAPOTSY
"351",Mandriampontsy,"27","-21.5000707245052","47.6586865821309",ANDRORANGAVOLA_MANDRIAPOTSY
"352",NA,"6","-21.495403621928","47.6550479203051",ANDRORANGAVOLA_MANDRIAPOTSY
"353",NA,"8","-21.4991556453887","47.6532973551315",ANDRORANGAVOLA_MANDRIAPOTSY
"354",Antaralava,"53","-21.1920707647428","47.5863727124004",TSARATANANA_ANTARALAVA
"355",Ampasivory,"37","-21.1860118775432","47.5713918570852",TSARATANANA_ANTARALAVA
"356",NA,"36","-21.193470345438","47.5791092498847",TSARATANANA_ANTARALAVA
"357",Ambohimila,"33","-21.1760436666652","47.573988627458",TSARATANANA_ANTARALAVA
"358",Ambodiakatra,"22","-21.0493409600713","47.6055866070993",TSARATANANA_AMBOHIMITA
"359",Ambohimita,"43","-21.0506016210048","47.6123554533784",TSARATANANA_AMBOHIMITA
"360",Vohimasina Ambohimita,"38","-21.0643073813181","47.6019020470635",TSARATANANA_AMBOHIMITA
"361",NA,"20","-21.0818455822464","47.622452915018",TSARATANANA_AMBOHIMITA
"362",Sandrasaty I,"58","-21.0007132801128","47.6418876029252",TSARATANANA_SANDRASATY
"363",NA,"27","-21.0017883238013","47.6840145641057",TSARATANANA_SANDRASATY
"364",NA,"34","-20.9848815522995","47.6623698379616",TSARATANANA_SANDRASATY
"365",NA,"30","-20.991958090327","47.6146386845702",TSARATANANA_SANDRASATY
"374",Ranomafana Afovoany,"606","-21.2580518761746","47.4559253788467",RANOMAFANA_RANOMAFANA
"375",Masomanga,"43","-21.2675128402613","47.4689609811952",RANOMAFANA_RANOMAFANA
"376",NA,"22","-21.2628519543353","47.4563622843375",RANOMAFANA_RANOMAFANA
"377",NA,"25","-21.2567103883181","47.4538016712403",RANOMAFANA_RANOMAFANA
"378",Ambatolahy,"40","-21.2500009450894","47.430037825533",RANOMAFANA_AMBATOLAHY
"379",Tsararano,"24","-21.2529300184721","47.4446339292375",RANOMAFANA_AMBATOLAHY
"380",Ambodikimba,"18","-21.254581761535","47.4411599712989",RANOMAFANA_AMBATOLAHY
"381",NA,"25","-21.2560502095819","47.450802960997",RANOMAFANA_AMBATOLAHY
"382",Bevoahazo,"149","-21.2086013754304","47.4984711316407",RANOMAFANA_TSARAMANDROSO
"383",Torotosy,"94","-21.2257583926709","47.5064343781823",RANOMAFANA_TSARAMANDROSO
"384",Beremby,"84","-21.2434201623822","47.5222191495824",RANOMAFANA_TSARAMANDROSO
"385",Fohabe,"84","-21.2250211313893","47.5397412576699",RANOMAFANA_TSARAMANDROSO
"250",Sahavoemba II,"19","-21.3463472433755","47.5053240107861",RANOMAFANA_VOHIMARINA
"251",Mangevo,"23","-21.3832082747907","47.4764332458324",RANOMAFANA_VOHIMARINA
"252",Sahavanana,"36","-21.3717721092288","47.4959042890327",RANOMAFANA_VOHIMARINA
"253",Marozano,"34","-21.3718001628789","47.4799674408861",RANOMAFANA_VOHIMARINA
"394",Betampona,"180","-20.8462437094361","47.8055146783605",MAROHARATRA_MALAZAMASINA SUD
"395",Ambodirotra,"101","-20.8273752160033","47.8139325368969",MAROHARATRA_MALAZAMASINA SUD
"396",NA,"37","-20.8229199298661","47.8195546802875",MAROHARATRA_MALAZAMASINA SUD
"397",Sahafasina,"86","-20.8422734482428","47.8283918543562",MAROHARATRA_MALAZAMASINA SUD
"398",NA,"19","-20.594178075027","47.7624949607987",MAROHARATRA_MALAZAMASINA NORD
"399",Malazamasina Avaratra,"47","-20.6320756312866","47.7691548549554",MAROHARATRA_MALAZAMASINA NORD
"400",NA,"37","-20.6423904212375","47.7802292609353",MAROHARATRA_MALAZAMASINA NORD
"401",NA,"31","-20.5923164084929","47.759962729998",MAROHARATRA_MALAZAMASINA NORD
"402",Antanjomanga,"64","-20.6585618332688","47.7662620144387",MAROHARATRA_ANTANJOMANGA
"403",NA,"21","-20.6510272635911","47.7747803898564",MAROHARATRA_ANTANJOMANGA
"404",NA,"21","-20.6445226588683","47.7623927303475",MAROHARATRA_ANTANJOMANGA
"405",NA,"22","-20.6635186978797","47.7918495413954",MAROHARATRA_ANTANJOMANGA
"406",Antanan'imalaka,"8","-20.7040326484771","47.7718776336371",MAROHARATRA_BETAMPONA NORD
"407",Betampona Avaratra,"99","-20.6923225615387","47.7695154201993",MAROHARATRA_BETAMPONA NORD
"408",NA,"9","-20.6631764160738","47.7485085541059",MAROHARATRA_BETAMPONA NORD
"409",NA,"7","-20.6682520796612","47.7590445907794",MAROHARATRA_BETAMPONA NORD
"410",Tsararivotra,"12","-20.897704353609","47.6064950792193",AMBOHIMANGA DU SUD_MASOAROVANA
"411",NA,"19","-20.897409172785","47.6117216879932",AMBOHIMANGA DU SUD_MASOAROVANA
"412",Ambatofamokonana,"24","-20.9040635948551","47.6222369471885",AMBOHIMANGA DU SUD_MASOAROVANA
"413",NA,"43","-20.9147798938119","47.6156349666602",AMBOHIMANGA DU SUD_MASOAROVANA
"414",NA,"23","-20.9058220061226","47.6529506293473",AMBOHIMANGA DU SUD_AMBILANIBE
"415",Ambilanibe,"72","-20.8941947869306","47.6492069413082",AMBOHIMANGA DU SUD_AMBILANIBE
"416",NA,"12","-20.9036678766994","47.6386850169386",AMBOHIMANGA DU SUD_AMBILANIBE
"417",NA,"11","-20.900760315598","47.6486890360858",AMBOHIMANGA DU SUD_AMBILANIBE
"418",Ambohitsara,"62","-21.3896633015618","47.5191915597149",KELILALINA_AMBALADINGANA
"419",Andranosondry,"26","-21.3816062487769","47.5470449556681",KELILALINA_AMBALADINGANA
"420",Ambaladingana,"15","-21.3800158812182","47.5352278054006",KELILALINA_AMBALADINGANA
"421",NA,"10","-21.3808613466219","47.5324741825214",KELILALINA_AMBALADINGANA
"422",NA,"22","-20.8411062731116","47.5815233835777",AMBOHIMANGA DU SUD_AMBOHIMIRANTY
"423",NA,"74","-20.8604580528917","47.5792475427508",AMBOHIMANGA DU SUD_AMBOHIMIRANTY
"424",Sahafentina,"57","-20.8361098619721","47.572626431702",AMBOHIMANGA DU SUD_AMBOHIMIRANTY
"425",Ambohimirantina,"105","-20.8475570922026","47.5825304226062",AMBOHIMANGA DU SUD_AMBOHIMIRANTY
"434",Sahamana Andranomaintso,"52","-20.8293697223311","47.6794290633726",FASINTSARA_ANDRANOMAINTSO
"435",Andranomaitso,"91","-20.8417029793005","47.7125243544415",FASINTSARA_ANDRANOMAINTSO
"436",NA,"51","-20.8454384121205","47.7548523218664",FASINTSARA_ANDRANOMAINTSO
"437",Vohitromby,"59","-20.8499661047931","47.7318735700968",FASINTSARA_ANDRANOMAINTSO
"438",Fiadanana Nord,"65","-20.5686403582902","47.7008742268776",AMPASINAMBO_FIADANANA NORD
"439",NA,"13","-20.5719351491419","47.6976305384677",AMPASINAMBO_FIADANANA NORD
"440",NA,"11","-20.5971675160941","47.7076098002887",AMPASINAMBO_FIADANANA NORD
"441",NA,"7","-20.5502901287537","47.6931261862904",AMPASINAMBO_FIADANANA NORD
"442",NA,"5","-20.7200718402111","47.7995104675017",MAROHARATRA_MAROHARATRA
"443",NA,"4","-20.7223093564252","47.8076693507335",MAROHARATRA_MAROHARATRA
"444",Maroharatra,"281","-20.7314701247875","47.7683397412027",MAROHARATRA_MAROHARATRA
"445",Marohita,"70","-20.8638762199115","47.7379260165795",ANTSINDRA_KIANJAVATO
"446",Mandroalina,"50","-20.892189455507","47.7274991041451",ANTSINDRA_KIANJAVATO
"447",Kianjavato,"97","-20.9165935115056","47.7339553363539",ANTSINDRA_KIANJAVATO
"448",Vohitrarivo,"86","-20.9287400545931","47.7362198949038",ANTSINDRA_KIANJAVATO
"449",NA,"63","-20.954852839672","47.7532224619534",ANTSINDRA_AMBATOVORY
"450",Ambatovory,"117","-20.9390412499514","47.7648650047495",ANTSINDRA_AMBATOVORY
"451",NA,"62","-20.9481144623056","47.7711598902351",ANTSINDRA_AMBATOVORY
"452",Sahabe Toby,"49","-20.9591747612302","47.7775508883872",ANTSINDRA_AMBATOVORY
"453",NA,"32","-20.9371698242389","47.7133246878001",ANTSINDRA_ANTSINDRA
"454",Sahazamana,"56","-20.9783580987569","47.7094001498195",ANTSINDRA_ANTSINDRA
"455",Antsindra,"147","-20.988867023829","47.7319975305733",ANTSINDRA_ANTSINDRA
"456",NA,"55","-20.980213716153","47.7187125376515",ANTSINDRA_ANTSINDRA
"457",NA,"27","-20.9747185945571","47.7984522613554",ANTSINDRA_BEFOTAKA
"458",NA,"28","-20.976587739072","47.7977930160531",ANTSINDRA_BEFOTAKA
"459",Antsahabe,"97","-20.9551853452939","47.7937007545005",ANTSINDRA_BEFOTAKA
"460",Ambalatsingaka,"82","-20.9729222468153","47.7850364030291",ANTSINDRA_BEFOTAKA
"465",NA,"31","-21.0681160093796","47.7939814542085",ANTSINDRA_AMPITABE
"466",Ampitabe,"84","-21.0530849568021","47.7853942348161",ANTSINDRA_AMPITABE
"467",NA,"9","-21.0475430234959","47.7843402033532",ANTSINDRA_AMPITABE
"468",NA,"9","-21.0391998593276","47.7896424564595",ANTSINDRA_AMPITABE
"286",Mandroalina,"211","-20.8588132061505","47.6014389764946",AMBOHIMANGA DU SUD_MANDROALINA
"287",NA,"43","-20.8546727118908","47.6041660198361",AMBOHIMANGA DU SUD_MANDROALINA
"288",Ampasimazava,"63","-20.8514604401403","47.6121084741014",AMBOHIMANGA DU SUD_MANDROALINA
"289",NA,"29","-20.8103567259798","47.6150807110367",AMBOHIMANGA DU SUD_MANDROALINA
"326",NA,"14","-20.8485389516276","47.6341084324231",AMBOHIMANGA DU SUD_MORARANO
"327",NA,"26","-20.8401942952043","47.620055247452",AMBOHIMANGA DU SUD_MORARANO
"328",Morarano,"99","-20.8482255870629","47.6269783276366",AMBOHIMANGA DU SUD_MORARANO
"329",NA,"13","-20.8404340331612","47.6263127112198",AMBOHIMANGA DU SUD_MORARANO
"330",Ambohimanga Atsimo,"511","-20.8778100186724","47.5906125869412",AMBOHIMANGA DU SUD_AMBOHIMANGA SUD
"331",Ambohimanga du Sud,"349","-20.8758113285392","47.5889763051968",AMBOHIMANGA DU SUD_AMBOHIMANGA SUD
"332",NA,"54","-20.8816763253892","47.5945468547466",AMBOHIMANGA DU SUD_AMBOHIMANGA SUD
"333",NA,"46","-20.883557225458","47.5947961569021",AMBOHIMANGA DU SUD_AMBOHIMANGA SUD
"370",NA,"38","-20.8846653464139","47.6241116478813",AMBOHIMANGA DU SUD_SAHAMARANA
"371",Sahambahia,"25","-20.8892935437375","47.6315901829367",AMBOHIMANGA DU SUD_SAHAMARANA
"372",Sahamarana,"207","-20.8818121812678","47.6035175590554",AMBOHIMANGA DU SUD_SAHAMARANA
"373",Betampona,"22","-20.8891847367756","47.6094988581918",AMBOHIMANGA DU SUD_SAHAMARANA
"390",Ambodimanga Avaratra,"67","-20.7683090809822","47.6082200704911",AMBOHIMANGA DU SUD_AMBODIMANGA NORD
"391",NA,"35","-20.7852270606642","47.6056805756195",AMBOHIMANGA DU SUD_AMBODIMANGA NORD
"392",Ambodivoahangy Ambodimanga Nord,"38","-20.7417458710431","47.61836397186",AMBOHIMANGA DU SUD_AMBODIMANGA NORD
"393",NA,"9","-20.7940487676575","47.6096701963653",AMBOHIMANGA DU SUD_AMBODIMANGA NORD
"469",NA,"6","-20.7648523524053","47.642530885824",AMBOHIMANGA DU SUD_VOHITRARIVO
"470",Vohitrarivo,"205","-20.7520907468853","47.6448234113176",AMBOHIMANGA DU SUD_VOHITRARIVO
"471",NA,"8","-20.7461730494669","47.6355253693018",AMBOHIMANGA DU SUD_VOHITRARIVO
"472",NA,"14","-20.7422711236184","47.6328007927868",AMBOHIMANGA DU SUD_VOHITRARIVO
"473",Ambohimahatsara Toby,"37","-20.8629417523519","47.5540304374368",ANALAMPASINA_AMBOHIMALAZA
"474",Ambohimahatsara,"116","-20.865264877395","47.5609934923027",ANALAMPASINA_AMBOHIMALAZA
"475",Tanambao Ambohimalaza,"30","-20.8674733451991","47.5695831510085",ANALAMPASINA_AMBOHIMALAZA
"476",Nanjiriana Avaratra,"37","-20.8721839086456","47.5501969389293",ANALAMPASINA_AMBOHIMALAZA
"477",Manjiriana Sud,"35","-20.8787695045375","47.4901163886936",ANALAMPASINA_MANJIRIANA SUD
"478",NA,"35","-20.8851842093343","47.5219234765919",ANALAMPASINA_MANJIRIANA SUD
"479",NA,"39","-20.8806302655419","47.526072047667",ANALAMPASINA_MANJIRIANA SUD
"480",Manjiriana,"137","-20.8875867482409","47.4965545948458",ANALAMPASINA_MANJIRIANA SUD
"481",Antenimbelona,"52","-20.6732594240802","47.7239464309463",FASINTSARA_ANTENIMBELONA
"482",NA,"8","-20.6665367932154","47.7289269350048",FASINTSARA_ANTENIMBELONA
"483",Mahatsara,"126","-20.676303019495","47.7185241389506",FASINTSARA_ANTENIMBELONA
"484",NA,"7","-20.6714890878306","47.7246296601751",FASINTSARA_ANTENIMBELONA
"485",Ambohinihaonana,"101","-20.685481668036","47.7079574260268",FASINTSARA_AMBOHINIHAONANA
"486",NA,"7","-20.6860749939333","47.7097834146313",FASINTSARA_AMBOHINIHAONANA
"487",NA,"8","-20.6676228558549","47.6923748205635",FASINTSARA_AMBOHINIHAONANA
"488",NA,"7","-20.6687264803756","47.6935348764951",FASINTSARA_AMBOHINIHAONANA
"493",NA,"8","-20.7052946995628","47.6619290231312",FASINTSARA_MAROVORAKA
"494",NA,"13","-20.6825936254611","47.6624290560566",FASINTSARA_MAROVORAKA
"495",Manaratsandry,"24","-20.6932022757596","47.6614305416836",FASINTSARA_MAROVORAKA
"496",NA,"8","-20.7043968794875","47.6528795326639",FASINTSARA_MAROVORAKA
"501",NA,"72","-20.7324939638389","47.6958751986119",FASINTSARA_AMBATOMANJAKA
"502",NA,"8","-20.7575455028756","47.6934850897155",FASINTSARA_AMBATOMANJAKA
"503",Ambatomanjaka,"72","-20.7314160922511","47.6958918966531",FASINTSARA_AMBATOMANJAKA
"504",NA,"28","-20.7341095761803","47.6966938029971",FASINTSARA_AMBATOMANJAKA
"505",Fiadanana I,"55","-20.7557295591433","47.6760344372754",FASINTSARA_TSARAKIANJA
"506",NA,"10","-20.7570622275141","47.6794273244696",FASINTSARA_TSARAKIANJA
"507",NA,"8","-20.7331603523152","47.6609643475064",FASINTSARA_TSARAKIANJA
"508",Tsarakianja,"91","-20.7384874767504","47.6601570823659",FASINTSARA_TSARAKIANJA
"430",NA,"7","-20.8992291428795","47.4863137684534",AMBOHIMIERA_AMBOLO
"431",NA,"11","-20.9097637004085","47.4863791836179",AMBOHIMIERA_AMBOLO
"432",NA,"101","-20.9019329412277","47.5071813705572",AMBOHIMIERA_AMBOLO
"433",NA,"13","-20.9061717695437","47.4950773475256",AMBOHIMIERA_AMBOLO
"254",Soafandry,"100","-20.9329519357014","47.5127269947129",AMBOHIMIERA_AMBINANITOMAROSANA
"255",NA,"19","-20.9363451403836","47.5104614116455",AMBOHIMIERA_AMBINANITOMAROSANA
"256",Ambinanitomarosana,"133","-20.9088383272361","47.5171649900149",AMBOHIMIERA_AMBINANITOMAROSANA
"257",NA,"17","-20.9072199215228","47.4986034510983",AMBOHIMIERA_AMBINANITOMAROSANA
"509",NA,"16","-20.9761392035309","47.4243674053263",AMBOHIMIERA_AMBOHIDAZA
"510",Ambohidaza,"20","-20.9733698677274","47.4328832143337",AMBOHIMIERA_AMBOHIDAZA
"511",NA,"21","-20.970113952533","47.4361019319086",AMBOHIMIERA_AMBOHIDAZA
"512",NA,"16","-20.9683240216983","47.4519683001404",AMBOHIMIERA_AMBOHIDAZA
"513",Ankazondrano,"15","-21.0205157936364","47.3675599483226",AMBOHIMIERA_AMPANTSONA
"514",NA,"10","-21.0290048496115","47.4057357050941",AMBOHIMIERA_AMPANTSONA
"515",NA,"11","-21.0308126120325","47.393495206131",AMBOHIMIERA_AMPANTSONA
"516",NA,"16","-21.0279715147344","47.3809036767299",AMBOHIMIERA_AMPANTSONA
"529",NA,"14","-21.0967662053563","47.4456129290175",AMBOHIMIERA_AMBOHIMILANJA
"530",Ambohimilanja,"11","-21.093864322146","47.445075267348",AMBOHIMIERA_AMBOHIMILANJA
"531",NA,"9","-21.0582676715697","47.4326665053813",AMBOHIMIERA_AMBOHIMILANJA
"532",NA,"10","-21.0668509272395","47.4386716258676",AMBOHIMIERA_AMBOHIMILANJA
"533",NA,"16","-20.9353519438202","47.5198961498924",AMBOHIMIERA_AMBOHIMAHAVELONA
"534",NA,"19","-20.9409284007936","47.5449577525933",AMBOHIMIERA_AMBOHIMAHAVELONA
"535",NA,"29","-20.9508481633781","47.540421523703",AMBOHIMIERA_AMBOHIMAHAVELONA
"536",Ambohimahavelona Ambohimahavelona,"117","-20.9259896499313","47.536429761466",AMBOHIMIERA_AMBOHIMAHAVELONA
"537",NA,"29","-20.5943007569634","47.7204963259947",AMPASINAMBO_MORARANO
"538",Morarano,"68","-20.6108012768299","47.717155407901",AMPASINAMBO_MORARANO
"539",NA,"7","-20.5929625310454","47.7255146870179",AMPASINAMBO_MORARANO
"540",NA,"5","-20.5912664844371","47.7180266222967",AMPASINAMBO_MORARANO
"541",NA,"7","-20.6218243963603","47.7006916044347",AMPASINAMBO_AMPASIMBOLA I
"542",Morarano Ampasimbola I,"49","-20.6187315491709","47.7032742302397",AMPASINAMBO_AMPASIMBOLA I
"543",NA,"8","-20.6148835449819","47.7130946829742",AMPASINAMBO_AMPASIMBOLA I
"544",Ampasimbola I,"37","-20.6250489641473","47.701457734892",AMPASINAMBO_AMPASIMBOLA I
"545",Sakavanana,"132","-20.6360656215766","47.7042009792898",AMPASINAMBO_SAKAVANANA
"546",NA,"8","-20.6396873735263","47.6947588281171",AMPASINAMBO_SAKAVANANA
"547",NA,"21","-20.6316326229901","47.7001592985445",AMPASINAMBO_SAKAVANANA
"548",NA,"6","-20.6481271444733","47.6933392212635",AMPASINAMBO_SAKAVANANA
"246",NA,"5","-20.6279532056266","47.7355890876589",AMPASINAMBO_AMBODIARA NORD
"247",NA,"23","-20.6207895157637","47.7414065208944",AMPASINAMBO_AMBODIARA NORD
"248",NA,"4","-20.6201215859503","47.7223121395797",AMPASINAMBO_AMBODIARA NORD
"249",Ambodiara Nord,"99","-20.6280154400552","47.7010973565488",AMPASINAMBO_AMBODIARA NORD
"366",Kianjanaomby,"54","-20.9542117604358","47.614127241762",AMBOHIMANGA DU SUD_MAROSATROKA
"367",Sahasifotra,"38","-20.961780157524","47.6390233644501",AMBOHIMANGA DU SUD_MAROSATROKA
"368",NA,"50","-20.9490867447997","47.6242542465712",AMBOHIMANGA DU SUD_MAROSATROKA
"369",Marosatroka,"37","-20.9745103829402","47.6407701683961",AMBOHIMANGA DU SUD_MAROSATROKA
"386",Analamarina,"22","-20.8156616337246","47.5817805415394",AMBOHIMANGA DU SUD_ANDRORANGAVOLA NORD
"387",NA,"29","-20.814241498334","47.6014198953203",AMBOHIMANGA DU SUD_ANDRORANGAVOLA NORD
"388",Androrangavo Avaratra,"79","-20.7887960739577","47.5786323516481",AMBOHIMANGA DU SUD_ANDRORANGAVOLA NORD
"389",NA,"22","-20.8181872881841","47.5856195262372",AMBOHIMANGA DU SUD_ANDRORANGAVOLA NORD
"489",NA,"23","-21.2398686598219","47.820230825883",ANTARETRA_AMBINANIVATOMENA
"490",Ambinaninivatomena,"15","-21.2497697371741","47.7890820117497",ANTARETRA_AMBINANIVATOMENA
"491",NA,"18","-21.251672473884","47.7899267492849",ANTARETRA_AMBINANIVATOMENA
"492",Mananadaba,"17","-21.2379219231978","47.8210563332497",ANTARETRA_AMBINANIVATOMENA
"549",NA,"19","-21.2732103502237","47.7726830860507",ANTARETRA_AMBODIARA I
"550",Ambodiarakely,"16","-21.2771596273988","47.7737196601688",ANTARETRA_AMBODIARA I
"551",Ambiha,"19","-21.2871009581561","47.7766339068356",ANTARETRA_AMBODIARA I
"552",NA,"22","-21.2598963640876","47.7530718171679",ANTARETRA_AMBODIARA I
"553",NA,"32","-21.3089300373476","47.7443008006667",ANTARETRA_MORAFENO
"554",Morafeno,"69","-21.2991799801826","47.7500021988106",ANTARETRA_MORAFENO
"555",NA,"8","-21.3000919596639","47.7490355931213",ANTARETRA_MORAFENO
"556",NA,"7","-21.2974516943622","47.7533229433723",ANTARETRA_MORAFENO
"557",NA,"15","-21.2964665118111","47.7764006027898",ANTARETRA_BETAMPONA
"558",NA,"36","-21.2839689484242","47.7588652997834",ANTARETRA_BETAMPONA
"559",Ambohitsara Betampona,"14","-21.2883049971398","47.7619626690745",ANTARETRA_BETAMPONA
"560",Betampona,"51","-21.2973432714128","47.773289353884",ANTARETRA_BETAMPONA
"517",NA,"93","-21.3435918012984","47.7570362670301",ANTARETRA_ANDRANOMAITSO
"518",Andranomaintso,"41","-21.341231185253","47.7610279590258",ANTARETRA_ANDRANOMAITSO
"519",Mahasoa,"35","-21.3266586916701","47.7656448326511",ANTARETRA_ANDRANOMAITSO
"520",Mahatsara,"32","-21.3087976015255","47.7722802084292",ANTARETRA_ANDRANOMAITSO
"521",Ambodiroranga,"56","-21.3494201035099","47.7709226253034",ANTARETRA_ANTARETRA
"522",Antaretra,"159","-21.3556835956069","47.7796185820469",ANTARETRA_ANTARETRA
"523",NA,"35","-21.3559844334602","47.7778473135245",ANTARETRA_ANTARETRA
"524",Ambinaninivintanona,"47","-21.3363764657888","47.7847651670379",ANTARETRA_ANTARETRA
"525",SOFASPAN,"870","-21.3024889580713","47.6366794763448",IFANADIANA_IFANADIANA
"526",Ambatolahiambo,"37","-21.3080378701762","47.645614698969",IFANADIANA_IFANADIANA
"527",Antanifotsy,"102","-21.2912742193499","47.6387140141217",IFANADIANA_IFANADIANA
"528",NA,"25","-21.3083913105762","47.6375256483567",IFANADIANA_IFANADIANA
"561",NA,"21","-21.2968968245094","47.5783802314761",IFANADIANA_ANDRANOFOLAHINA
"562",NA,"35","-21.2952327283423","47.5786692228091",IFANADIANA_ANDRANOFOLAHINA
"563",Antaniditra,"26","-21.3025914433744","47.5838479239246",IFANADIANA_ANDRANOFOLAHINA
"564",NA,"13","-21.3035891793219","47.5895924700297",IFANADIANA_ANDRANOFOLAHINA
"565",Ambohimanarivo,"35","-21.3372550974303","47.6145963285409",IFANADIANA_AMBORAKA
"566",NA,"28","-21.3027562745088","47.6266620873312",IFANADIANA_AMBORAKA
"567",NA,"30","-21.3059104819875","47.6249584012058",IFANADIANA_AMBORAKA
"568",NA,"24","-21.2845855151758","47.5912198450824",IFANADIANA_AMBORAKA
"569",Ambodihazo,"69","-21.3461586933999","47.7194452013275",IFANADIANA_AMBODIRAFIA II
"570",NA,"33","-21.3301548697642","47.6815411121315",IFANADIANA_AMBODIRAFIA II
"571",NA,"25","-21.3370014862214","47.7085332459857",IFANADIANA_AMBODIRAFIA II
"572",Ambodirafia II,"48","-21.3415124396821","47.6947299452642",IFANADIANA_AMBODIRAFIA II
"577",NA,"9","-21.4007237540392","47.6551040255176",IFANADIANA_FENOARIVO I
"578",NA,"108","-21.4132032680363","47.6473385572633",IFANADIANA_FENOARIVO I
"579",Fenoarivo I,"19","-21.4126912281787","47.6420013265151",IFANADIANA_FENOARIVO I
"580",NA,"12","-21.4330991390497","47.658954543279",IFANADIANA_FENOARIVO I
"581",Ampozasaha,"58","-21.0366936448755","47.4695745328706",AMBOHIMIERA_AMBOHIMIERA
"582",Ambalahosy,"60","-21.0666467883526","47.5001980710191",AMBOHIMIERA_AMBOHIMIERA
"583",Ambohimiera,"374","-21.0546761533792","47.5076975871954",AMBOHIMIERA_AMBOHIMIERA
"584",NA,"35","-21.0364484585115","47.5189155755567",AMBOHIMIERA_AMBOHIMIERA
"585",Maromanana,"94","-20.8857818820979","47.4890922161932",AMBOHIMIERA_MAROMANANA
"586",NA,"69","-20.8872834861032","47.4888611631133",AMBOHIMIERA_MAROMANANA
"587",NA,"9","-20.8851050178005","47.490840164649",AMBOHIMIERA_MAROMANANA
"588",NA,"25","-20.886586985059","47.4879936084808",AMBOHIMIERA_MAROMANANA
"589",Vohilava III,"62","-20.7118239367578","47.7544651308208",MAROHARATRA_TANAMBAO OUEST
"590",Tanambao Andrefana,"87","-20.7193410006105","47.7557591140168",MAROHARATRA_TANAMBAO OUEST
"591",NA,"10","-20.7274432520267","47.7533839054869",MAROHARATRA_TANAMBAO OUEST
"592",Sambivinany,"40","-21.2782350968591","47.4692438623617",RANOMAFANA_MENARANO
"593",Ranovao Ambony,"93","-21.3044142167487","47.4693089595786",RANOMAFANA_MENARANO
"594",Menarano,"54","-21.2905478719387","47.4687655926995",RANOMAFANA_MENARANO
"595",Ambatovory Menarano,"41","-21.2913281991084","47.4648279243915",RANOMAFANA_MENARANO
"596",Ambodiaviavy,"85","-21.2638854812366","47.4848380639284",RANOMAFANA_AMBODIAVIAVY
"597",Matavirano,"53","-21.2640489540551","47.4997267758762",RANOMAFANA_AMBODIAVIAVY
"598",Ankevohevo,"23","-21.2712901819457","47.4805680188063",RANOMAFANA_AMBODIAVIAVY
"599",NA,"6","-21.2715232815889","47.4791732476532",RANOMAFANA_AMBODIAVIAVY
"600",Ampitsahandakana,"31","-21.2829545945503","47.5091928539768",RANOMAFANA_AMPASIMPOTSY
"601",Ampasimpotsy,"31","-21.2966814834701","47.5053862452145",RANOMAFANA_AMPASIMPOTSY
"602",Soatanana,"32","-21.2771262023143","47.4980319010458",RANOMAFANA_AMPASIMPOTSY
"603",Morafeno,"33","-21.2786367994514","47.5084222558224",RANOMAFANA_AMPASIMPOTSY
"604",Mahasoa,"30","-21.3876080266246","47.5015609259022",RANOMAFANA_SAHANDRAZANA
"605",Ambondrona,"14","-21.3958030164837","47.4708609403656",RANOMAFANA_SAHANDRAZANA
"606",NA,"13","-21.40410601319","47.4966664227607",RANOMAFANA_SAHANDRAZANA
"607",Tanambao,"22","-21.4132618800758","47.5020865149283",RANOMAFANA_SAHANDRAZANA
"608",NA,"56","-20.7963846164021","47.7269308720427",MAROHARATRA_SAHOMBY
"609",Sahomby,"170","-20.8341505032852","47.7507825336118",MAROHARATRA_SAHOMBY
"610",NA,"40","-20.8441200150967","47.7556643169323",MAROHARATRA_SAHOMBY
"611",Marovato Atsimo,"134","-20.8355350490945","47.7861933564451",MAROHARATRA_SAHOMBY
"616",NA,"137","-20.7425959984569","47.8504243316256",MAROHARATRA_AMBODIMANGA
"617",NA,"94","-20.736668966899","47.8685269941783",MAROHARATRA_AMBODIMANGA
"618",Marofototra,"45","-20.7522781624237","47.8628541075222",MAROHARATRA_AMBODIMANGA
"619",Ambatoharanana,"51","-20.7237606987509","47.872354790611",MAROHARATRA_AMBODIMANGA
"620",Fiadanana,"117","-20.7539028918564","47.8191639754763",MAROHARATRA_AMPASIMADINIKA
"621",NA,"14","-20.762859834287","47.8053373162191",MAROHARATRA_AMPASIMADINIKA
"622",Ampasamadinika,"138","-20.7728656364123","47.8028533627005",MAROHARATRA_AMPASIMADINIKA
"623",NA,"32","-20.771805008961","47.8241363122812",MAROHARATRA_AMPASIMADINIKA
"624",NA,"15","-20.8514263019971","47.4525128222986",ANALAMPASINA_AMBARO
"625",NA,"26","-20.8577638580761","47.454863700889",ANALAMPASINA_AMBARO
"626",Ambaro,"146","-20.8614111558531","47.4587444218266",ANALAMPASINA_AMBARO
"627",Lokody,"154","-20.8721824205939","47.4808479240625",ANALAMPASINA_AMBARO
"628",NA,"53","-20.82493125184","47.5110449717801",ANALAMPASINA_ANDRORANGAVOLA SUD
"629",Andakana,"41","-20.8126259884255","47.513329539784",ANALAMPASINA_ANDRORANGAVOLA SUD
"630",Androrangavola,"52","-20.8155035313197","47.5232730087683",ANALAMPASINA_ANDRORANGAVOLA SUD
"631",NA,"36","-20.8127565762044","47.5276447946562",ANALAMPASINA_ANDRORANGAVOLA SUD
"632",Analampasina,"188","-20.8367010990905","47.5452758521255",ANALAMPASINA_ANALAMPASINA
"633",Ambodimanga Atsimo,"64","-20.7899087068938","47.5309091955537",ANALAMPASINA_ANALAMPASINA
"634",Malazamasina,"58","-20.8186765137237","47.5416863449996",ANALAMPASINA_ANALAMPASINA
"635",NA,"25","-20.8231918480444","47.5406407162242",ANALAMPASINA_ANALAMPASINA
"636",NA,"15","-20.8928416590789","47.5765244501278",AMBOHIMANGA DU SUD_AMBODIARA
"637",NA,"17","-20.8937602671504","47.5925348290163",AMBOHIMANGA DU SUD_AMBODIARA
"638",NA,"23","-20.8934061950116","47.5944163929578",AMBOHIMANGA DU SUD_AMBODIARA
"639",NA,"20","-20.9058058560246","47.5943569076912",AMBOHIMANGA DU SUD_AMBODIARA
"640",Marotoko,"130","-21.594696510185","47.7619834680083",MAROTOKO_MAROTOKO
"641",NA,"43","-21.6294387781132","47.7751836270406",MAROTOKO_MAROTOKO
"642",NA,"39","-21.6001641855521","47.7515888579625",MAROTOKO_MAROTOKO
"643",NA,"40","-21.616403044514","47.7525028669305",MAROTOKO_MAROTOKO
"644",Mahasoa,"37","-21.5580636615395","47.6269377639373",MAROTOKO_AMBALAVIA
"645",Ambalavia,"39","-21.5593933931058","47.6489311349445",MAROTOKO_AMBALAVIA
"646",NA,"16","-21.5326316639035","47.6347097992391",MAROTOKO_AMBALAVIA
"647",NA,"18","-21.5526983141949","47.6341071840485",MAROTOKO_AMBALAVIA
"648",Ambatomitratraka,"40","-21.6096070037217","47.6235000776677",MAROTOKO_AMBATOMITRATRAKA
"649",Antranolava,"44","-21.5833894926797","47.6229472773195",MAROTOKO_AMBATOMITRATRAKA
"650",Ambodivatoa,"19","-21.6076297544539","47.6170049010977",MAROTOKO_AMBATOMITRATRAKA
"651",NA,"16","-21.5724821133573","47.6189815716433",MAROTOKO_AMBATOMITRATRAKA
"652",Ambarijatsy,"63","-21.5780332922509","47.64888052043",MAROTOKO_AMBARIJATSY
"653",Ambohimanarivo Ambarijatsy,"24","-21.5854471860424","47.6454831019009",MAROTOKO_AMBARIJATSY
"654",NA,"19","-21.5704908039515","47.6439172370714",MAROTOKO_AMBARIJATSY
"655",NA,"6","-21.5774613238082","47.650715252112",MAROTOKO_AMBARIJATSY
"656",NA,"23","-21.6193895021929","47.628653025717",MAROTOKO_AMBOHIMAHAVELONA
"657",Ambohimahavelona,"71","-21.6196618056297","47.6445533898027",MAROTOKO_AMBOHIMAHAVELONA
"658",Ampasimbola,"22","-21.6258362661802","47.6396946131453",MAROTOKO_AMBOHIMAHAVELONA
"659",Vatandava,"30","-21.6049033911608","47.6489293926185",MAROTOKO_AMBOHIMAHAVELONA
"660",Ambodiara,"64","-21.3814334512466","47.6465663045146",IFANADIANA_AMBODIARA
"661",Ambarizasy,"34","-21.3884672417518","47.6674233660954",IFANADIANA_AMBODIARA
"662",Tanambao III,"29","-21.3796290709865","47.6890426215452",IFANADIANA_AMBODIARA
"663",NA,"36","-21.4293014516995","47.6464004593313",IFANADIANA_AMBODIARA
"664",NA,"164","-21.0456646383496","47.6496099015897",TSARATANANA_ANALAMARINA
"665",NA,"30","-21.0494961472041","47.6388605270118",TSARATANANA_ANALAMARINA
"666",Analamarina Nord,"103","-21.044340861455","47.6484936860023",TSARATANANA_ANALAMARINA
"667",NA,"33","-21.105633450968","47.6453511924584",TSARATANANA_ANALAMARINA
"668",Ambalafatakana Est,"54","-21.0576585278658","47.7896321282209",TSARATANANA_AMBALAFATAKANA EST
"669",NA,"38","-21.0499613233902","47.7642564845373",TSARATANANA_AMBALAFATAKANA EST
"670",NA,"45","-21.0695531264627","47.7846283708224",TSARATANANA_AMBALAFATAKANA EST
"671",NA,"28","-21.069589070208","47.7921134456636",TSARATANANA_AMBALAFATAKANA EST
"672",Tsinjorano Est,"25","-21.1425984733407","47.8096167105612",TSARATANANA_AMBALAFARY
"673",NA,"26","-21.1304142255881","47.7770107919968",TSARATANANA_AMBALAFARY
"674",NA,"22","-21.1296029552604","47.8051649835846",TSARATANANA_AMBALAFARY
"675",NA,"23","-21.1141335248531","47.8171181688762",TSARATANANA_AMBALAFARY
"573",NA,"33","-21.0373498527814","47.7231736434205",TSARATANANA_MAROFOTOTRA
"574",NA,"23","-21.0369837024518","47.7309580594265",TSARATANANA_MAROFOTOTRA
"575",Morafeno Marofototra,"30","-21.0692404369788","47.7329060470084",TSARATANANA_MAROFOTOTRA
"576",Marofototra II,"79","-21.0463676619009","47.7015203362806",TSARATANANA_MAROFOTOTRA
"612",NA,"60","-21.1027340736699","47.7650008528938",TSARATANANA_AMBOHIMASINA
"613",NA,"27","-21.0873719969111","47.755258860586",TSARATANANA_AMBOHIMASINA
"614",NA,"40","-21.0877776780175","47.7475838438166",TSARATANANA_AMBOHIMASINA
"615",Ambohimasina,"38","-21.0909039554255","47.7473055331286",TSARATANANA_AMBOHIMASINA
"676",Ambodivoangy Est,"72","-21.1684207254315","47.7571125549376",TSARATANANA_BEFARY
"677",NA,"57","-21.1456053544469","47.7905742534064",TSARATANANA_BEFARY
"678",Ampasimbola I,"38","-21.1807602623264","47.8185579193648",TSARATANANA_BEFARY
"679",Marosava,"49","-21.1828094279015","47.8105022017688",TSARATANANA_BEFARY
"680",Tsiandalovana,"56","-21.2265154107555","47.7403841895172",TSARATANANA_AMBATOHARANANAKELY
"681",Variampo,"57","-21.1979758726664","47.773014871983",TSARATANANA_AMBATOHARANANAKELY
"682",Ambatoharanankely,"75","-21.2339799686167","47.7808042817918",TSARATANANA_AMBATOHARANANAKELY
"683",NA,"31","-21.2008679234971","47.7818264103079",TSARATANANA_AMBATOHARANANAKELY
"684",Ambohipo,"18","-21.1718538828442","47.5928653483902",TSARATANANA_AMBOHIPO
"685",NA,"23","-21.1726822365324","47.5928756445486",TSARATANANA_AMBOHIPO
"686",NA,"23","-21.1724831466498","47.5709878814024",TSARATANANA_AMBOHIPO
"687",NA,"42","-21.171128085041","47.59467389967",TSARATANANA_AMBOHIPO
"688",NA,"24","-20.7701012115516","47.640992671607",AMBOHIMANGA DU SUD_SOANIHERENANA NORD
"689",NA,"34","-20.7834510454825","47.6377025500174",AMBOHIMANGA DU SUD_SOANIHERENANA NORD
"690",Ambalafarihy,"29","-20.779384856934","47.6303056663835",AMBOHIMANGA DU SUD_SOANIHERENANA NORD
"691",Soanierana Avaratra,"121","-20.7929113082818","47.6398306027332",AMBOHIMANGA DU SUD_SOANIHERENANA NORD
"692",Ambalavary,"97","-20.8133270940629","47.6394065876362",AMBOHIMANGA DU SUD_AMBALAVARY
"693",NA,"28","-20.8102300077773","47.6330310593941",AMBOHIMANGA DU SUD_AMBALAVARY
"694",NA,"17","-20.8270166342418","47.6310975304397",AMBOHIMANGA DU SUD_AMBALAVARY
"695",NA,"18","-20.8254291579433","47.6353695159547",AMBOHIMANGA DU SUD_AMBALAVARY
"696",NA,"54","-20.9803755298604","47.4912313394481",AMBOHIMIERA_AMBOHIMAHATSINJO
"697",Varizato,"68","-20.9652737810661","47.5095494621759",AMBOHIMIERA_AMBOHIMAHATSINJO
"698",NA,"20","-20.9583196230287","47.4906548546156",AMBOHIMIERA_AMBOHIMAHATSINJO
"699",Soanierana Ambohimahatsinjo,"23","-20.9739931498878","47.494416261714",AMBOHIMIERA_AMBOHIMAHATSINJO
"700",NA,"59","-20.9623959923419","47.5493824609914",AMBOHIMIERA_FIADANANA NORD
"701",Lavitrony,"38","-20.9572665655233","47.5560387737474",AMBOHIMIERA_FIADANANA NORD
"702",NA,"62","-20.9779932505998","47.5819821064413",AMBOHIMIERA_FIADANANA NORD
"703",Fiadanana Nord,"163","-20.9429314652551","47.5707829927782",AMBOHIMIERA_FIADANANA NORD
"426",Ambodimanga,"153","-20.9616857191262","47.6094000412077",AMBOHIMIERA_AMBODIMANGA
"427",NA,"11","-20.9753649510654","47.5969874515933",AMBOHIMIERA_AMBODIMANGA
"428",NA,"7","-20.9782823753435","47.5930644709227",AMBOHIMIERA_AMBODIMANGA
"429",NA,"6","-20.9628128433239","47.6004706025102",AMBOHIMIERA_AMBODIMANGA
"461",NA,"20","-20.9907305973691","47.5831575254066",AMBOHIMIERA_FALIARIVO
"462",Faliarivo,"24","-21.0007279861189","47.5732916734748",AMBOHIMIERA_FALIARIVO
"463",NA,"17","-21.0079419608499","47.5676367257823",AMBOHIMIERA_FALIARIVO
"464",NA,"36","-20.9981882324529","47.5975825940428",AMBOHIMIERA_FALIARIVO
"497",Andakana Fasintsara,"82","-20.8256123152554","47.6673094629724",AMBOHIMANGA DU SUD_FASINTSARA ANDAKANA
"498",NA,"13","-20.8209598418141","47.6478801308652",AMBOHIMANGA DU SUD_FASINTSARA ANDAKANA
"499",NA,"14","-20.8040736122806","47.6564259971495",AMBOHIMANGA DU SUD_FASINTSARA ANDAKANA
"500",NA,"13","-20.8098226358931","47.651595869085",AMBOHIMANGA DU SUD_FASINTSARA ANDAKANA
"704",NA,"18","-20.85707258818","47.6706130027694",AMBOHIMANGA DU SUD_NOSIMBOAHANGY
"705",Nosimboahangy,"122","-20.8588672277147","47.6641478432263",AMBOHIMANGA DU SUD_NOSIMBOAHANGY
"706",NA,"9","-20.8496891884654","47.661897332648",AMBOHIMANGA DU SUD_NOSIMBOAHANGY
"707",NA,"17","-20.8696589741718","47.655420715307",AMBOHIMANGA DU SUD_NOSIMBOAHANGY
"708",Ambalaherana,"187","-20.8399698088874","47.6486048035792",AMBOHIMANGA DU SUD_AMBALAHERANA
"709",NA,"13","-20.8568703854761","47.6533747390943",AMBOHIMANGA DU SUD_AMBALAHERANA
"710",NA,"11","-20.8511580886589","47.6448934941745",AMBOHIMANGA DU SUD_AMBALAHERANA
"711",NA,"19","-20.8768075558984","47.63252505261",AMBOHIMANGA DU SUD_AMBALAHERANA
"712",NA,"73","-20.7481067737428","47.7372403151896",MAROHARATRA_AMPASIMADINIKAKELY
"713",NA,"17","-20.7625681906387","47.7257466489937",MAROHARATRA_AMPASIMADINIKAKELY
"714",Vorotsihy,"63","-20.7807969830803","47.7190417333508",MAROHARATRA_AMPASIMADINIKAKELY
"715",NA,"24","-20.7935134114447","47.7600597835069",MAROHARATRA_AMPASIMADINIKAKELY
"716",Ambalavolo I,"69","-20.7311119015068","47.8351251845524",MAROHARATRA_AMBALAVOLO
"717",NA,"64","-20.7300713338028","47.8383190639163",MAROHARATRA_AMBALAVOLO
"718",NA,"62","-20.7138110601666","47.8503679875474",MAROHARATRA_AMBALAVOLO
"719",Ampitambe,"71","-20.7174728033906","47.8261823828272",MAROHARATRA_AMBALAVOLO
"720",Madiofasina,"80","-20.802142628343","47.8162718865193",MAROHARATRA_AMBOHITSARA EST
"721",NA,"61","-20.7849304964249","47.8592660105057",MAROHARATRA_AMBOHITSARA EST
"722",NA,"128","-20.7731151467812","47.8427195714851",MAROHARATRA_AMBOHITSARA EST
"723",NA,"24","-20.7797432017853","47.8739428000254",MAROHARATRA_AMBOHITSARA EST
"724",NA,"26","-20.8060667178892","47.8539222246935",MAROHARATRA_ANIVORANO
"725",Anivorano,"29","-20.7998266139555","47.8650468037605",MAROHARATRA_ANIVORANO
"726",NA,"32","-20.8043045357656","47.8704781429523",MAROHARATRA_ANIVORANO
"727",Antaramasoandro,"48","-20.766695013665","47.8787120139309",MAROHARATRA_ANIVORANO
"728",Ambodiriana,"48","-20.7969442967965","47.7983087975867",MAROHARATRA_MAHATSARA
"729",NA,"60","-20.7956831029631","47.802269637818",MAROHARATRA_MAHATSARA
"730",Ambohimitilika,"149","-20.8133914990099","47.7850748216949",MAROHARATRA_MAHATSARA
"731",NA,"289","-20.8215087846941","47.7741878693391",MAROHARATRA_MAHATSARA
"732",Betampo,"50","-20.7966073944175","47.5004078818732",ANALAMPASINA_BETAMPO NORD
"733",Betampo Nord,"34","-20.8038518031896","47.5031091224754",ANALAMPASINA_BETAMPO NORD
"734",NA,"52","-20.8317197113765","47.4752349960783",ANALAMPASINA_BETAMPO NORD
"735",Vohimalaza,"28","-20.8250546987199","47.4652682898942",ANALAMPASINA_BETAMPO NORD
"736",NA,"30","-20.9092653779865","47.5377143303636",ANALAMPASINA_AMBOHIMIARINA
"737",NA,"33","-20.9009313770066","47.5427177025978",ANALAMPASINA_AMBOHIMIARINA
"738",Ambohimiarina,"107","-20.9000863893471","47.512513309626",ANALAMPASINA_AMBOHIMIARINA
"739",NA,"41","-20.9070771670159","47.5190233784307",ANALAMPASINA_AMBOHIMIARINA
"740",Tombonina,"37","-20.7756613103175","47.5141333973714",ANALAMPASINA_MATSITSIRANO
"741",NA,"45","-20.7703822387602","47.5176062910253",ANALAMPASINA_MATSITSIRANO
"742",Matsitsirano,"24","-20.7588148553522","47.5453387732776",ANALAMPASINA_MATSITSIRANO
"743",NA,"28","-20.764614086009","47.5471875291448",ANALAMPASINA_MATSITSIRANO
"744",NA,"68","-21.3694860633069","47.5377559559727",KELILALINA_FOTSIALANANA
"745",Ambohimisafikely,"64","-21.3604769705698","47.5390152898235",KELILALINA_FOTSIALANANA
"746",Ambohimiarina Fotsialanana,"54","-21.3560646507707","47.5678147184373",KELILALINA_FOTSIALANANA
"747",NA,"32","-21.3435383198926","47.5603675591301",KELILALINA_FOTSIALANANA
"748",Ambodirotra,"169","-21.3768887511634","47.7593939004251",ANTARETRA_AMBODIROTRA
"749",NA,"9","-21.3574578938142","47.7537690383486",ANTARETRA_AMBODIROTRA
"750",NA,"13","-21.3835499742053","47.7797135893793",ANTARETRA_AMBODIROTRA
"751",NA,"10","-21.349443205914","47.7343433647972",ANTARETRA_AMBODIROTRA
"752",Ambohitsara Andonabe,"25","-21.3885241719948","47.7937925442576",ANTARETRA_ANDONABE
"753",Ambodiriana,"33","-21.3910331386529","47.7817206805008",ANTARETRA_ANDONABE
"754",Andonabe,"85","-21.3960861521205","47.7783851464047",ANTARETRA_ANDONABE
"755",NA,"33","-21.3961806359098","47.7987930035277",ANTARETRA_ANDONABE
"756",Amboenana,"47","-21.4636738903253","47.8037041500085",ANTARETRA_AMPASIMBE
"757",Ampasimbe,"98","-21.4679752727196","47.8034410994652",ANTARETRA_AMPASIMBE
"758",Tanambao Ampasimbe,"19","-21.4435699369714","47.7943172858077",ANTARETRA_AMPASIMBE
"759",NA,"18","-21.4406803712933","47.8152056070732",ANTARETRA_AMPASIMBE
"760",Amboatrotroka,"117","-21.4279189369135","47.7890658561929",ANTARETRA_AMBOATROTROKA
"761",NA,"39","-21.4172986175069","47.7809075148651",ANTARETRA_AMBOATROTROKA
"762",NA,"8","-21.4308066411678","47.7744787217098",ANTARETRA_AMBOATROTROKA
"763",NA,"11","-21.4146695451229","47.7866080163409",ANTARETRA_AMBOATROTROKA
"764",Vatomiempo,"29","-20.7434238116844","47.5859293062609",AMBOHIMANGA DU SUD_MAROLANANANA
"765",NA,"29","-20.7614711618923","47.5773288482404",AMBOHIMANGA DU SUD_MAROLANANANA
"766",Marolananana,"100","-20.7614421732654","47.5913589913519",AMBOHIMANGA DU SUD_MAROLANANANA
"767",Tsaramasoandro,"36","-20.7700565046869","47.5849241782773",AMBOHIMANGA DU SUD_MAROLANANANA
"768",Ampitomita,"38","-21.0014451715171","47.7528105854265",ANTSINDRA_AMPITOMITA
"769",NA,"59","-20.9852148213855","47.7520336100358",ANTSINDRA_AMPITOMITA
"770",NA,"53","-21.0070498118216","47.7128294347635",ANTSINDRA_AMPITOMITA
"771",NA,"42","-20.9897744171896","47.7798081562031",ANTSINDRA_AMPITOMITA
"772",Anivorano,"135","-20.9039887608738","47.6884273109169",ANTSINDRA_ANIVORANO
"773",Ambodivoahangy Anivorano,"40","-20.8891325147443","47.6664254247713",ANTSINDRA_ANIVORANO
"774",Tanambao,"82","-20.8666047334978","47.687963399008",ANTSINDRA_ANIVORANO
"775",Andranomahitsy,"38","-20.9243658797774","47.6846543294697",ANTSINDRA_ANIVORANO
